DW_TEMPO;Ano;MÃªs;Dia
57b854b4c2ceaaa4b70e3ca5295cc2a7c0d6d1371c97421c3216c9e58e4e4e7a;2019;01;29
73241943115217bc08d118e76e9dd07c038830c3802e7dd9331d720ad81ad570;2019;01;07
b677069438950fd7dbeba9ec01d3526ed146325ff458262a6f9ba7766a18d887;2018;11;17
3fb4318851222a442334ffdd6de1cb85356bc0719fa572b73555dac7e436326a;2018;06;02
c5833cf3a2accda67ff8243d180f77c21fa692a8a0bfe020822bde09eecbe5a9;2017;11;16
784e07fe86cb61ff8aa7db4e3407a835f0c3d119ed705b1f909af060390e35a4;2017;05;31
69503d7b8b34a746da8e804397f66995199dd2da9388bd4814b8d995455bfe83;2017;06;11
e8ec7d43f3b431ea2a0f47c1e49ebb6ccd19139bc868aebfbe24a792f4cffdb5;2017;06;03
fc83853d45e426020ea1de09b595c690b7235dcd9d613081622d3b1b9ca8c83d;2017;04;02
e69ead12f5b0e24154abe19cdbd5e856dfcf5c333d26998d2d17a8d29192f886;2017;06;02
7966784adb6b3c0da09a23ceed6375a1a336114ad6ea0d277ffe21e78219b3ed;2017;05;21
5c942217c9b7eb1af81595a830333af64217ef6c3cb8a68c759c430d12b5a1ba;2017;07;21
bb3eb8a69dc6c0927caa62b362b364d4085b98b3da7082c0d2dd505defd38f2b;2017;10;06
00cac373813f21d69b391d427dd8e1f58a53cd1b0d99049dbe044963bef27110;2018;08;06
1d4e0ac98bd1591dfa22df53b00efb80e1abbd30c51a8a687d4973f3fe58c7bc;2018;09;10
2174abb06b6f15b8cac93baeccab37e48a25c62ce7ce535431c181fa0c461e78;2017;10;20
5c4ca8757e1415d67d80ddfe2b7c0b6e2e291ecae83c21c394edb5bdc149cf73;2017;06;17
0a1d2b3781f31c70cf374d9452b1e006731445e12b9c85e759967b0fefd76e3e;2018;02;18
d53277ae9ccbf90912246fbc98b16d0fa06d0095f1b84f88bc1be8d3e54391a9;2018;03;19
1702968622b15bae34e5d206f174f7778bf66f73d9a097080f8ea8728cf5b2dc;2017;03;12
c5fc00d950e15298aff93cf034b4b121644d3b44d8c7e4d818f62c362aa5c99a;2017;08;13
14ebde2fc8d51014bc5c847f6d300ea97bb7d4cb61a36486b3abb196ac3e1b05;2018;01;23
c20556cc3288f6ea3538355b35ffedbfa2c91f4c2aa4ec43bc40010eee90af9f;2017;11;09
60240c33d42e9aa48fd791027ced492d0f21b823b4fb064e587263ff4463babe;2017;10;26
9461a374c085a3723df46eedc6f214f8e58a39320025ad027f094b29fc443f2c;2017;04;22
5960b2e5f171c1a970f9314daf309a03ff546edf92e299bc76f9606d7c7fc302;2018;04;10
1df6b771f55f374962ac92300532a4333224c94355a5d88250d4ab146e9a6230;2018;07;30
c074b53107fc40272a5191283cc66a54f4a6359e1243efd77ad73c5740154783;2018;06;10
14551cd1eb6d3a18eab112f42043e299ccb3be934866eb0ca962a71d0155e391;2017;04;26
163d8026f3d3ad52e13968368a391acd5e5d98eaf9a25a9326819c0d2cafec3c;2017;06;29
9d9f3fba73f352ff23d78c4b7730c05450e113e5301110eb3a207952e9f4a014;2017;02;05
ff20475802068e258972d676617967b48de8524fe8b24e18cfba3e7a7ea29633;2017;12;30
195943eaf5fd5210c2ec43fb0d7722e911a192aa5feaa6412a97c6796fd340e9;2017;12;09
b2cf0b87233ac4ffc29330deaba0eb5eddcf17b129af3ce587dc921a3cc4c540;2019;01;01
db3c8b9d519996bffd9dd4e58d8484db9ccb7cb47a6807765a662acba60b0264;2018;06;26
e011d4ff900816552aade75ed8c37ec8cbb76044a81d5a9f8060e064aa1cf117;2017;09;24
764610f03064238ba01f10912e25b7aa8f0a11329c4a8d8bce097813075b9dc1;2018;09;18
2acc7650ebd1e8b2122b2ead2d6d76117385d5ec3551d049bb86087d7cb9b996;2017;06;10
f08b57bb9cca7043d471547968d1b7fb22490ed2acf7f5ae4618332a56ea850e;2017;05;20
11e7e971382a9858f4650634689e14b26786e56b2517c49bb3d8f13f5d06d2e6;2017;03;05
e0fb53fd80ee1cc4acc64400b7556eaaaa79be90794da3dd1476e3c120e52d1f;2018;12;15
6fe0f7f051d5525b560d1cd1c6aed28ccee22f8249a259ab003c663fad120674;2017;07;09
0df3ceb577b97bd840a9a30191892e3d9550b4005c1128ed305d04d6a0477ab9;2017;08;05
0dd08de0247a4a053be4bdbc8ccc1f83ab5f3094fc82ead3ed1779f8223efa12;2017;07;27
ca0b2aba877fd6b21232adf1e516fc54fe00c5e3af66eb0fb3e44da93a053c5e;2017;05;12
6213aaed495b917c50092114ebc978f2326ccc11191aa8a1572038ce094e7150;2019;01;02
fdf6db7bcefe95d6bca08f33e212bb4d059f656e1f34828a1c1e0a3e3d1e3fb5;2019;02;06
112232f4574bc6af7be7928b06f53476412e92373192a857c75ae6aeb7b8a971;2018;04;01
1cd5db918d300cb246c59bc74d811fa42942a002db75787c59db33f98a0f577b;2017;03;08
92c7b824b5cef077aa659fa3005bb2f34b4ee5f54287d53a0779316aea501444;2017;11;19
c40b790a505a0028906c7457ffd7378b797c4b1decf8d77789e9e86cfca27dc4;2018;11;13
f6edac64a4a964dac31328867f1632164b564320764a89c64f0c26b45e97e881;2018;11;26
8df5604e4514efc1308200ea2b14b4ed09ef2ce1b130a70530c49690e2a6200f;2017;05;25
0ded6358c4e0a1ec81e407bc32646af3bc2e2c6dbba0a3969d2688f115f1b03c;2017;10;07
fc33df38546d06ccc10f40b81ee9e42411ee3edc6457059a564c751be05ba63c;2017;02;24
fab7fb5c28f718437e5af70567c9bf2510c18d0b9bf7c9e97bc6953d7d303fd1;2018;12;10
81d4959ac0058ce6bf0347e88d877946581f8a465a1c6423f5fd854e3b1f3860;2017;09;14
2af1032a24a3b335cf3702ffeaaa5b58a0dd70ef8a8d073a9a77ecec417a58d1;2017;10;25
ab6027e8dd258452cdfbc82338466a33180cb0575c6d5664cb5f7e4f11f71297;2018;11;11
59510bc2973f374323a11e6ea972d7f8a0d64c3326d379d080a4091ec19435ab;2018;02;13
a5854e15a638b62c17cae6e89bd416b4cb773b6475143f4dba349bd5845f13f2;2019;03;05
8a4892633adee3577ec48570cc2a5532c98a22301795ac6338ffcebdf00cf0d6;2017;11;17
7f1c00cd517cea8007ff91128c61fc582a91c9bbfd3a59777db306ccc0693b0d;2018;12;11
1618618583472dc756efb0c09fe3c0235df181a3737b693063d8049045557822;2017;10;08
33fc8486125f0fb4e93469fd021007d0c9c849c4280a55a00d7f31f6ab97ef4c;2018;01;30
75f9a863fc0000c44e818c3a9722b32bd221f3843fbd84beab12e03a85c4edab;2017;02;03
250d7d0d356fd5273b52a21b9edd172e0415d31d4b61188a10effb59f2a9d3d5;2017;07;14
d940e7041d2a5fde9b24866f2dcf584996d2cbc0142cacc9de2a410a8143972e;2018;01;07
d394013ae7430bd8fd140da1901c07790420dd10bc5ec1121e232a8b47d8e268;2018;06;25
ea92e1e92c393cf0d45ebe525e4a8da3b5973f1036ce70c6be9bbce7aeae1fe8;2017;09;16
f60ce31fb63640af423be47ebaf76b88de908dec20c9a7dcbc7502f4f37fbb40;2018;07;10
ede04fbfeb90f5af6e8f5d281c26d1020b0904af64694cd8174653c4682287d4;2017;03;25
d3d6f4a25c2016657c5f9b0b3290da79bcd5d6bc4646f7015f4b3104376cfe1c;2018;01;21
115900bae6cbe937179270c8efa1eb99267424e8e3fd18021887663368803d6b;2018;05;07
5b9bd4ba2197c8408cb8743f21d49882032f6046b45ac800b3cb31833dd830eb;2018;10;14
0ebe7772a232236a8993d9f4f9672abd3b5a069f073fa84e60efea75324a972b;2017;02;26
2ee058a6e78801963654483d1e10358aaf5e4b861b86386479d276368239ed45;2017;12;13
44ad0db43c3893d0834218e7e2c0f895f1858fff118c794b60e6285be29e81a3;2018;03;25
faa2af15800489731e48f459c061bb6d3ad7449f0c91e9124c6f7731df904a80;2017;08;04
34a1e3b90dcd5a92d19f5c87265bb3cb2e3b5cc9be2d46153a20315d61d9fe91;2017;01;20
ed7b98e349017d81e250223e9e80c9b66e286a57d0c098e786008fa5bfcd8680;2019;02;07
358ce9320c3e57cdb359465fd6986bdd30c74055a2eeb9ed58ad94cb99cd9314;2017;04;23
34c4067a117c380277d098dc1d0b9f95e5b1de3b5aa4868ea1653c031881bc47;2017;10;04
19148d31480ac68e0d26534d3a9402f85904794a8f92149e8b759623d213a758;2017;12;14
71e863da15a548d8f1e48ccd42355e5108e3eabacaef9c872b19c3dcbc5ae7b0;2018;09;05
301f11780935fa20bfe092d1a263141d6afc98f1fdcff6344cd1f08b15ef8890;2018;01;28
e23086bf9fb3ae478dccd6183b73d051057c4ed6acfdc329e4ab0c76f096124c;2017;08;02
9f8e4144062c92639c1dcaf8ffcba126b2120ff1fe9f9ee1834f4da3bd420584;2017;03;31
1a97432afa3621e646637b27a67065d8a62903379f9b2d6f4dd4746d3d62fff0;2019;01;13
6e57a31d4e7ebf917968871de6673fb56916d218825ed0d2145458c9d79f03ad;2019;01;22
36a1dc01ac0923604ef4b7364f271be5e12f0cb8915cb22a4863d17337475291;2018;04;02
2bc53c1d05f972bedf2d8b8e630ef1e99d49d8012250bd78b37ea8b7b5586941;2017;02;16
ea3a93b8de63fddc81ba02d541adad7d5f377cfff9dbb43b4d28ed578a243be3;2018;09;19
1fd4c6e8a72a92176b30ce983d42ce58af361680821c84e0e3e89ce2e3446238;2018;06;07
43d2d34e309a206648778bdf32544fa9d82f6e5c2cc60b71ccbc1fed496b9205;2017;08;09
eab3d70508f0fbffd07102e018260b29508d3598bbfa440b6a136c4dbb279a0c;2017;07;05
f38538e459f92b18ec41e07176b4a6caa60692b0315c99204f7c2f88b64d106f;2017;09;23
fb86b2f4aa53a96025c73fc05344ee16a13e9124b7454adfd6732f365f7341ca;2018;02;06
fa0d73ffa344e607bde388481eed5183ff9ef7cac06dfb922c3990935462660f;2017;09;15
41d6769b79b5806b644ad10a6dfac13c63094b4aa12a792a9d40cdb3879a039c;2018;01;31
15b309a27add9cbf7211c915d18f6cb3e961f22c7f3158cb8f8f9821435b3b0c;2017;12;23
828ca45fe63c6b46ce463d32939b8c1eb49ce1292142d94647d3a48989672036;2017;07;03
1ecb01bd4cd356ccfdcbc3405282aa0cdad8275437f295133c0ca659e3a94a28;2018;12;26
c2f20a535a307541e7c7505ead8aad68518ab62fd3b5698946fe7fce68ffa31f;2017;07;12
b22f8ea8b9ad7ebabe646ee8699855e96aa9ed60848c735d24891a1c9246197f;2017;06;16
0657ee8890c1549319c7c50341b7f7ec28454ada9ca8d8538af9b8b5b0889cc5;2017;09;29
1a98e28a39cef14614824f234b4ffef26df72aa75e7f04106849c2d588c071f1;2018;11;28
c76c8c8251958e2b9a4080712cde7fa8b34f9718e92c0d199cd164a556f8a2da;2017;01;19
e557299a8d7430caac03ac43ca462a8c4338206ac66b38298adc52db95da2e33;2018;07;23
5ebd9aea4f11bcafae4fab3b47a57dedc0aa6d65e99f3802b8cf929607ee7ef7;2018;11;05
b8b465c7ee81f28c859464887907d127e7ce492641e5cda5ac1570c5e5040c55;2017;05;28
90d3b36351299caba1ccda707a876ed2232d871ba1baa657e3d50e687c75e07c;2018;10;07
a28f6ddc8b53d29507afb5b677d86ecd79242ec694429143fe12fd74c87e0ad5;2018;05;14
0464fce9377149a1e02e317f97455d62e3840112db7713fc2dfe8954a2ea67b7;2017;06;18
ccc7ec132a5d477840a989fef8aae0c28b5d6936373125e8f5185be6aefc74e9;2018;06;11
22be7ad61c79b99bbf47c46243ab75fa8d167a83c99fddae7b9ed3c8dcfbf4f2;2018;10;09
c8935efaa99b4e70609a6688d767502f1b29f0a352f95824ea67bf4885d4aeb6;2018;06;13
0ad0185a7b95d9085dbcf16a3efd1691ee84a36c76151f3ae2d61135d5fd1fd6;2018;05;12
933f694944a30f9dbfabd5533ae79b63b007a7c1fb1f6e5a12f837ddcb68def7;2017;04;13
9a6dced50a7d7d98e10443280c3982f76502fc0ee9a161fe476b8681db6c06b5;2018;12;05
1edf86947ef29909b22f31bca25cff2e2ebae9c0a1b487f5fb12ec6f8d884403;2017;02;19
538665d2a49cab301152105c3069dfb153afba0aae9996c87911a6a61308fd14;2018;02;21
25ffc1d8493ff0b79aec907a416e8bdd7c163e3ce0bc9a01967720581a26ee73;2018;08;19
b9c7a8882084012f701f03873d63d69e9c0eafc4455be706cfb149269df0282e;2019;02;04
03df78ebb512080e0437bafe24bc32bed50590347a88f83dd3079b38b2cc0a1e;2017;02;02
55658456e9ef92ee233e049de120e4256c70195764c1081bfe0f57655cd32e79;2018;06;23
6b68181e1af2c9047de5829f0c8444f353134aaf7c939b804eaed7ca0c3ec87d;2018;10;17
0bfbf151927ffea9f09d1a48a26fa84a2350003918bae31ed89771196f3cc991;2018;07;14
3265242d2e6702f142e2f2ee0d40cd042aeee6ce4552e4192c266c206e1da60b;2017;09;06
42e53264cf1ab783df5f065e137c07a34b0316bf0fdcc4622c661297d5122465;2018;02;14
a9a31560fbe2246e40d6bf2ccb9032a9ceb95704542c107fd159fd92381f0d67;2017;07;07
b62756f8c9c50ebabd1c46d1ae0e9b3e556c6637c3419e01caf4664cd1dc6265;2018;08;18
4f823c6915f5544e8d93f608d03a7d67e684f04db92c4014a300ec15dc377927;2018;09;03
d01a87f16e91b16c5069769ac56efec877a1ae7c6d87f6ba1fe3eadde2f1cb0e;2018;05;15
d0fbce5095904f48fd416a7b2f2ad6e76e014d178f4c547e72887006d0ade5af;2018;12;19
1f559d3fcf699aba97c601b31378af5182361053f8fd58f1a2fc67c6dc2dbe6f;2019;03;21
096e7df44c307e8eab8e70f4835b093982c2568d7525eafacaf0270bbb3d3e3b;2017;11;15
ee9dd07c4a5bc8e07fcae800240af058e3b3f3ba73c64acc78e03650c6a07bcc;2018;05;30
6460b42420fcf742cb7113a0b9283621e11c6a0b866a07c99c04feb02dabfd3a;2017;08;27
0db809a73749950471ecd161bb666babcd0d5bff602f9550a7f8ef61e171aaed;2018;07;29
c9263a9d2d2138821a26a4e3cce3f15e236ec3386e8d450e5bff9e95381cedcc;2017;09;01
3cf8e0731f3826d43a82354c7b1b95fc53db6a8facd4ad1566c9da56dbff88fb;2019;03;06
992bda93b9ca85255d635956517474c608ab0d280f2e74903964f13e84bacbec;2019;02;19
3de3968173f69b94a1911ba41c381c6aa35164f645c94ca6398e0b9def5a991d;2018;06;03
7dfe274deab5101df0def9362763c079f9b02bec1c151cd3897dbe1245a3b8f2;2017;04;01
af62ea9b58ac8bc73ea69a0e35ede319540b317f5b3ccec4ac73a33ec6cf0562;2017;01;26
781f7c826c7493bcdda87020c2f0d83d9f93719b7980647e64c584a83f3c8632;2017;08;31
e7939cc041939adb5090750d7c3d594f5154a802c0dc109d39b05d94abd5d32a;2019;01;15
5cccbaf0cfb2c0b50923f01360574eea418d071680ff98ee0c9f04adc32b0b7b;2017;01;21
65d1f9d16564c9c06f4c78abf699ad5cb7d92c7ea6acd8ae1c8cd903088354d5;2019;02;10
d4f5fe5b0c338b24d7f86d961742af83f02f0aeea0fecc99c87c5e69c156b7e0;2018;05;28
55ac421bd4c0a4a76479ab98c21908695a309d38387dad362e74b1bbfc3f6614;2017;03;03
1ea98b879d6434e4bff13669aa2aa691f17b464466d607e10385c6740bea1b0a;2017;07;01
5d3ea087d52ed3bcb1382d7c9e9994b2772e4369f6be8f9759ce5ca45d6149a9;2017;12;15
cd147ac540cda4e054fccb635d4fc71e9df4fd92e45c4611cb98029a4f957708;2017;11;12
b647f47c9853dcbbea9cd0b10148eb9d28da76d2564fe8ce9f6127699ba3542f;2018;01;18
95c258bb7aa61225341c0f16e0a33758384e51987d804d5a71ab77ba2699be91;2019;01;16
387dec00be103743909be949cfa46f79eca1a87d53526908796329e4ab949b43;2018;03;13
f3b1fb210f02358e1a7eff84b9b5dfee0b735c6816f76baae151c7a2cd177611;2017;11;11
68fd5d9f8f19a367af5045baf8fd7f68c19b423957e34dc83b07a91cdebcf423;2017;06;09
0c761dfe6bf0c64faec6f7d23d13b98bc083a55d4949cb28a546ca2c614ac5a1;2017;06;24
2dc0f2e7490c8c5b0b48dba25f959106a4507fd8547c459d6d8d3fbf4cd548c5;2018;02;08
2e935cfc295fcbdcbed0f4708d3759d28d669963ce321210c733507fd31fdbf1;2017;05;07
9544a628af940d8333f9777818cb25ecd35d57ae827a5205d22dc2a9dc8786d5;2018;10;24
a1453393acf3cf457398470a96adf0b37dc040da3427a73de45e5bc50f8a0b1c;2017;03;19
721b9c7e3035c0677c0fca8b058d2b9ee4507488302f8c4fe54708a62df2f0a9;2019;03;13
d50c80ebf314f0cca8a59b000f35d065360ebc85be379e2d16d08536fe480841;2018;04;08
cff0ff31d46cb43cca368c6536feff1075c9b2c2ac86e0528bfa760cc4f88f6a;2017;02;12
c783ace7993cc431de92c46d54d7dc6fa0b5b17a0702fb46df758e292a7f6c6f;2019;02;14
5a4b5a65de5fc9a88f83c42198252d15a5675d9bfd2bc71af178d04aeff9523b;2017;05;14
2b78a9ba056bb2e7852cc2b856a9669f622a24903618d0fde25a6a94e5e5d095;2018;08;11
40f52f17fc0a4d43a2d99c92ce1a0a585548124ba0d4113c184bee23373f8bc5;2018;09;26
88ce0979d093e3d96e1052f2c0ccdeaf1853f6a55530c3766d5a8498c1e00e28;2017;07;30
bda23a85e06599d8db98aa2533d4cba0befc1eaf569f8e7bbae62509abcf4200;2017;06;14
dadcc501049f0bb68a7f6722e63a1ddc0ee8432a5caa325d2e7ad8607d6d0ebe;2017;11;30
fd76fb7ae486f47b4d0716e51f7b3cb659c184a9daf49b98f8f982bffdb8bad0;2018;05;06
c8cd5bab6feaa9fab9368d7af4f4ce2d845467b8db14b5d122ca64fcb6f33b92;2017;10;01
0522c02a067c3b7eeb8b3d536b71307fafc1ec73288c30f32110fea6355953fb;2017;03;22
a7fdbdc1c05742b68a947952660262b6605ead7e12c4cfa25d693b9cd7d49e7f;2018;04;28
bfac05834b1ecd1e822b5a5645fc0f6ace549225a9d559b1ba3fbc01541fd710;2018;06;17
84f7b25dc26dbd27397f44146ce5a9e70afd5b006ddcc1a1554fb9e253c3e8ce;2017;04;29
60604e73da209daf14dde0b809ead3392dd246f102c12dfcb873f0a5ab879069;2017;11;08
9df2f493fe80d5643e71455325b70d932125b484e974cfcad8a5d967b22047df;2017;01;29
cdf4cc6864dffaf23be084cc000ae00cd7b1a47d320015231b8bd70787562b4d;2017;08;19
cfcc9a8ddd5b28c71f5ae9a36cc956dd3cc66f41476540566710b08762316686;2018;04;09
b325566462544268d2b991d14e2c2a41a342461d29e10f556dc0f20c1383d492;2018;07;22
310f69fa977a36ec358b3fd69808a8cb44a60b9af5a27760bc64509749b4bda5;2018;07;08
8639588f7c528c3574d3511837f3d2857d2bf22d0b3e67e81464156571c477e5;2018;04;25
3ff336de2187b85ceca076b95af752f6a46bbf471a9a3ff87cb34bac99b61902;2018;12;03
0df7fd8faf30eb27fc1073ef093e368a9f2d9a12dd392da1140fe20361fb6d10;2017;06;28
301604f2d30dc2e339788feeac000b3869882419e2b0cf8bb616147002c0d8ad;2017;08;16
5da5e748a4ea839921aeb570f231a2806308f5b1fee1bf86a710a7e048836fbf;2019;01;21
6edcdd4e90aefecaaeca14e22700305f044bb28803048b63ea4f7e711a3945a1;2019;02;21
8d087cb93d532493e6f2c3a2718fc2e2e44bf77c469b316db46bf21fc4f72007;2018;06;28
f139b0f85bc84fba67e21c1ada98759c2552f66b09d83c67f57eb77b1a57c3a7;2018;01;14
18b5002eba13f0a82625a41a4454457e4cf15a06ceb6c672f1956ca055532816;2017;03;18
9b379e74e9b4c6d225218804d097c86a6575be8307220c32c0673056d9db845f;2019;02;26
9320c9bcdd96a756e550773e3d700742f11258483cfae184462584cf20ec63a9;2017;07;08
2cc1694c1e0c4bac8efe7e9b8cd2a461eaa97cad1785b6f3a1f0c13492fa938e;2017;10;15
480897fe2966c422911c162f964b081cc7bcf7e76e36ad870553768d9819772f;2017;05;04
0b45367cda8e733b4a8df3a2ad5bbcfc3680564754b57711575ca775eed932c3;2017;02;17
864176d967e443d248c38c8e7bc4601d0366fea1b80d88be2486630ab9d3e254;2019;01;30
1f2d304431dcc4ae9ad21e0a62ee8d7878bb8776d8e114686582e73583be26cb;2019;02;05
b14c680c89c58a945aa9292c740fbfb3af77edefdb24ef42e13f150d01ba8d3e;2018;02;07
ceb5fd9f08071d88207796fbba9ce49bd1fe8779d547122973fdb2b3c61cd377;2017;05;17
8dcc411eaf83f049d68cf2c8db23abd843858cb0d18f8cde23092db57592f40e;2018;07;17
5445b80f664f9cf39694bb2646a34b5a65a86b0dcca97c715ed73ee5f85f946e;2019;01;24
622d87fed36e1c3e4a0da00993ce57562c3f3c32f84855e2825f84c4c9e21f8e;2017;08;18
59df0eb15d6199b16441a0ba8c827cb7c755324bf135fa0e33261524c2c73952;2017;08;11
5bfb29e1590fee2353541875af2a3f9a4f1faf0f098389caa6d2b4289e0ad4e9;2018;05;08
6395252b09d8da675720d271124374a5326d35333b7c683a758eca3d797a10da;2018;10;23
1052a108b5969b4178de50146daa2e1d12175cab7c0c5df2b437ae0578324d9a;2018;07;21
c20f2d48e1a6a55d751951099d7ff3a5b2bb92a2f84d8b93cc6120f82877d1d0;2017;11;03
a98069931ae3bc7bf844a37b1e2759d054081d7db5acde86574cc8bbc75c6b55;2018;10;13
ffeaa01ba37c3383f9ac217a77fe043be889806d7ea9a82f8fc16721de8dec6a;2017;03;29
8d1a8cf4bc5a764806911bc92b4bfd1d0712d42069f29ab7dca259fa122491de;2019;02;17
6cea9a55a9424e3005ac1c1b9b1853b7883462b72774c06d92fcf881fa6144fa;2017;01;28
769440e3f5cb7856a7e72035a1e337ea97987323775d18eaf4d22c397cbef46f;2017;07;26
dfb112963dfce17b3fabb1fc62c818a76cf930487a80ac0c6e260dca5faceed1;2017;10;14
5999022bc9e82e21c4785a05b5d57fe79bbd3831a13ea9439984cf097dc23e39;2018;06;30
950053e2de896a72c26aa7a46f8f1c693c7ac931405f032a3c1850d587e70723;2017;03;17
a25730234d0ea68caca54dabbaa2621ca867c099d2923e93d2ff00d0b7689731;2017;07;28
48f815c10a6d5f08983721401b1e1dae6ca0b5ef904813d3e87a7e18f643e537;2018;10;02
1fd178e7537c004cea197b6297780a835b783ca9ec6430068c6836ab3102c380;2017;11;02
2a75ae3faa1180fe145f71ac877444968284a3521f78eb0c9fbe603bd9770651;2018;01;16
e0be4e8a87b0248ff18ebcaf7c96cd4dc84e81508a7d756987c3f043679548a4;2017;06;25
7dac496faa63d717cc41382dac0c6a078790bbd2e1ebf0b9f69321fb3060d6d1;2018;12;24
68a786f94a6d34587ec8e525807fb1cbf36d7023414d058d12fdddc7dec646c3;2017;06;15
030ae331991d308392def778b1708be476a499b826c062064dd7240744a3ebbe;2018;12;08
c687b9c524d1ee59dd01b79afb31c37f1c2a4a07fc11aaaccebe38252279b22d;2018;09;09
13a807dbb39296b60af24b8958e2c6c2937ffd9d84aaa0f26a4c5cb3aa06de2f;2017;12;21
f261f84f7c56b9668f3001e4d6cc965640457092a800348f7d4c840fcbab1300;2018;05;09
beffc92ebb15e7d9596d6dc7156148334fe2d2b061c8cb24ed4181f2488de2f9;2018;08;25
5247da14b3a0017c6c3615612e7986f6781666fa9aba98e988c28d2146a92d6f;2018;12;09
5f1c8f337bb52b4691181753a274ee85b357014c64ca44caa89ce13af0a197a4;2018;06;05
4c097b0fef4d6e8f95c3da94533b41caf56356cd6a3807e40f6540ef5985b578;2017;05;13
f35ab7075127dfb2b88ded72809f3e163658318bc28227f0ad20bc3e6ffeccd2;2019;01;08
db71542d0c4120289d23421be938e3440cfd32f194dd76c0aa0e188f357a20fb;2017;03;10
f8cfede8459ab52948862976d9a1f6f684b6cc5647e122f24cf11261d92cf6f1;2018;12;29
4869b1caf73a7bf0b44737f33da052d29b65daa2b7f7846256868b1f191c0125;2019;01;23
a8b2b3bad286ea62a6161fff567910ff4ce66dcf998e8d4b6ae863576d02f1cf;2018;10;10
05162ad4ba6c483ea872714384d6cea648cb3618ee26ac408a2749492f4cb78c;2018;08;13
de0f19de3a80a6e684039716a246dc59fb099f4795eb4b2643d106a75b3dbc3f;2018;08;29
2ebdb7659408fa2fabea151a512149cb1c9a6a801ff9d31c54aa6506830ac9a5;2017;06;01
9b4b2fcf3111d1cb49f6c96a02b5d55b759cc0b528c456222825e708fd0e9277;2017;02;10
133bbc10b476d13897572859a92f0761cc495ebbbfbea41fc6bc33634c6374c9;2017;08;24
ca15363d94136740d188c06021b513f581760092ea30b2fd92818176f73d7f10;2018;10;22
e7b94ceb48c7267aed18648bac9ae38543c236c2cb47f623da66aad3478b28b0;2018;07;07
5ccdb3629268bcf4e9268a52bd789a79a722ce0415ac953366685f0393a4e1d9;2018;11;21
8791a8d9c921d432af3f06f5548203febe2722b266e0e212549ff2348580a976;2019;03;04
5ccd4cfa64be654a337fd7b0480946df013473550b9ee9f0191944822c6fe7b9;2018;06;19
23d62aa51fac92766560b82e521813a06e84ed9c679c990c92832b4f73054d37;2018;08;26
ead2eb19cd33f44878500b50ff32134c9fea579fb8475ce37cfa82db77040c37;2017;08;10
32b7de22c610f67a441c3c5a23feb6bcee950b2d0ca9f4149b34e3fb5e436906;2017;02;15
0c8cbddd52bfcc6e6f69ec15fe32392e4ec26f6ea651b331d38d80dbb980cfac;2018;11;04
738a75737a86db72fc6ffdb930ddac839c00bc35d052ad60dd7662d98eba2f1a;2018;08;22
1a8b3f668ace0275da29721b2ae7ff69dd0bbcb6760394d9f3b715b5d5482e50;2018;05;27
d3b21d114bd586fc7bb95298de4f422a06808e0c48c7c0c67d81dff584485959;2017;07;19
b8fbe9e15d4c2237c0785b04313736d10486a0d3d54b2e5ccd24faa8f620e223;2018;07;15
d6e09bc9c1c9f74575b422ab245bcf3ffb5f431773183634de832e1a4cf7d913;2018;05;21
9983df9d5a039275bc7a003a58388797448eedd09e830a77c66a4df3f593302d;2019;01;20
95d7b1238a853f9550d212f2d6ea3b77b8aedd13ffaea8d7ed5811dc03bfbcdd;2018;12;04
5709601dfa8d4b550084514f40fe57af86a1bd099232a8ac3c3019801fe5ac4b;2017;12;07
41e01b1dcd6f60aeabdb938ef08fd27814557aa01df268e7a3a8cb4ef9bf9d6f;2018;12;30
0ef86333988975b364195b25f6912c247251c6d6acc28f0ecc1cc69b71c70c50;2018;08;27
1e7b5f16035cfb0b00a3fc060940a99080d405b0b280e2da017c3f08cfa0de3d;2018;08;28
cdb466e3075b09ff0035d25e1832e2a96cbcaf7d24ac47fe2083f9dbeb239af6;2018;07;25
3855d6f13fb955ac2507955fdeec0c0a9d9dc03051b195aa45b61310f6995710;2018;04;15
dac01832ea0a7762dbcb99e73cbd66d037537cb0e0fc902aa239d51688f0ab9a;2018;02;27
8f980fe6000d8fedc2273057a186ddb95e7d77761909c0ca42f234a5e0e2b816;2017;03;09
4bc04cec59288c1a4cf81e3c1412401f3bb15742ba8911b342109c50779c6252;2018;10;27
9795f3882753fa20d419b5f2f066c9764673e2c510e721a2fdd9f59f817d8ce5;2018;04;29
93a20136933888096bf7d0fb02a8ed6b33c117137ff483411f2bab7d2e50dead;2017;10;19
a68b217b6d334ade7b1b4c3bad4c2815873f0cd42e00fd15a3ab8cef8735f7bd;2018;07;09
d07a7224851be59d768d94c69b0fff06016d227060eb62bff06a26f656f2ed65;2018;12;12
c87d77f0fc99d875f877abf937eb20005ffced7036923057272fd748a330432e;2018;02;01
bba30b32b36c2811a3bb814ff70f6138084ee4f8a4d8c0234fd1da30569e24b0;2017;09;27
aef5ba8092ef7f2c9e14b3fe77e3e75c95481a1f3b3e8ede1f9ec0ed7a5456dd;2018;12;02
3fe34957b7935633c7963187ffda3f4c1aa4adee2a03373746c7aa8fc533919f;2018;06;21
d4857a316f98e6cb9d46633ec253c872e9518fc30f652fc35aaf3879f3c97dad;2018;11;03
f7b6aac099c7be868c4d2d7881e2a391e334215e3f6b085832f623302529c837;2017;12;22
a10b7c0bbd45d2337ff233d95f970110103710cefff3f6b7de6461f8fd2cc0bf;2017;11;29
20822e3627c55e890393f7b2768323f669d97a2a50b5b6de71540e17f1ab89b9;2017;07;23
5c1a629be31edac33b2e9d169f0e247b9cc36b06e6251dbc6e4086c6940379fd;2019;01;10
153195bbb8349a6d4d26c87cb750ec29342a6a7703383e70e4ae28ac1c42136b;2018;08;01
02462eda4e4a7d38b7e5fee62eefbba0c06e6e9977959a57a58871873a6f1c7d;2017;11;23
2cffcfcb66609128ac55531799d064a0f6807e3ebae5744c8b5061455747a461;2018;03;04
4be8264d02ff60566ebfeca97c1d7b63856fa24b0f236b11f927fcc0ae09287e;2019;02;27
69557ac4ab4de48d5bd886aae56530687252a0a70fc1bb09cb4378c5cf959f5a;2019;02;11
e83d7bac26a5a0fe8b5533905d77c080c651811bf14a4979a05515ca11965b2a;2017;11;05
5e49f08dade400ea5119cc24d3ba8d84d005554f8e0bd35cd0774886259ace09;2018;10;01
545a7c764000edcf4639314189f2fc153cebcc4150608ad510d996861b93d0d1;2018;08;04
80a4395e387a2c9561178faced3d57c6c779b436c8b502557430cdaf16b0da00;2017;12;17
2f1b425c0cec6048c2c5ecd507a814f93b6c192e0f573a27b7734b5696786d8e;2017;05;26
1b4d2256c63afe2bfc88bade81401d23c711c4f98681f28f7a2b10d9ab917630;2017;08;25
88a324b67e03017c8a27373bb0edfbdf74db017ceea5df8e7001a170b99f616f;2017;04;28
022d6f64065eefd754fa8af9e9592ecad4c5aaa7a339099b4cb8ab16995cc78c;2018;12;01
a30db8170dcdb17cf496a8d15348b39354ef8038c8b86eed5eeaa2f3028ef7b6;2018;03;28
bc86d9f36eb326f964ba0eec183193989726a1c3df74cbea826d07f1eba820f1;2018;11;12
845543c8ee91a964e49397a4e56444e3e47dfada33c14e25fe3f5a314df64aca;2019;02;03
288f28f53ca7f2dc383cbe8caf197853f40b597289606c97cfffb833028e2b7c;2018;03;17
78acbad8ff4081a441688af2f072a9090dd1d027b4f33fd79b97d661f1cff924;2018;08;07
0bdb8ebe2d6f94f6ea3b79205c89b9132381488dffe36597b63f80ae5ffdb6f7;2018;01;06
d24c20d120927b30f0592f00e0a31fc33d61df5d6da5f02111aa58516c7dcba2;2018;10;28
e7b0a78ecd1b81f8350b0e8aaf9c837c592ddaa8071b25065e10b88822e9a6cb;2018;08;12
7223998e9fc9d06fd9d35ac03618763d6fb24af911638062c111e6bf2f8dd5bf;2018;12;17
42db922cf76f6c7b37d292529192a15ed2277896e582df23ba567dfacefa8747;2018;11;20
84bb130d4989481d3fbeb1538b947b019b30bfd0c291b798741957ccc0097635;2019;03;03
04066c8da85182a5b22b0d212e89f5a7d15fa6a9d0c74999467a82a8df69a661;2017;09;07
7a2872b4b1b513583ece3b42e4176a8e8c9520881c1028484843beff179c8ea2;2017;03;04
0006b34ec061da2b9b750598ce1f3e661d232442a1cce41bde69781ec38680b9;2017;06;22
e5414dccd98a26e218cad6aa9d3658a4e857ba03999a735d4b9892871dc9160e;2017;02;23
8ca17a00341f636030e31d58d7dd726b71c805d7497cc27304f13b58128bb1cc;2018;10;29
4dce2089a5dfca73fd6a447ca52e741cfca7889708a0b59b184c4808e7489fef;2017;02;04
d86d739e7f0b8e873a8edb6d5c9da593272546c86c04847aec750dc737b42678;2017;08;03
416617ad846b208ce2ab6c82b915dbb9bc0802653630903ca8f9b893303700e2;2017;02;01
4ec8d869af1004f7d3bd515e88e629b40f1b36ceebaf91f89221db7f61dde881;2017;04;05
b4eebfe683ed784d428d1284f2c84151a9c6d6385e384050952990b2ee504fb7;2017;11;04
5b958092e85a563c284122b982704ddef35297a5861286a2669917954466ab5f;2018;03;05
ee3ee5ee8e5a97d5bd8ea1a085ee3a5127c2e039e40620d289527369ecbd775d;2017;09;10
6b5577acecf61d669e2e1858ed2f8a3f7076d280617562cfcb1a70026d3b3919;2018;04;14
b9abdc94f7dafa08ce5f298e8575834b0f470fa0e1b63e196095d2dbdf2cd948;2018;07;01
507582f66fdecc5df94ccc68484fa5d420b2cf9eceff6dc381712895306d18af;2017;12;24
bc2485145e954f72d590f9a370c3682eb8769fc63e9ff15346720e276372daf3;2017;04;06
819b2187b3ad0e96003952f40c3ef7b78a63ba92291462154bca7f1fbe713d55;2018;04;22
d1ccc1db7f185c2e88866331ef1031d0e28baf97460a1059ee48f530a0382b26;2018;01;25
9efe630285a9e898acc86d59f7efae703eb0715ce8e0df3dec84515f1f57c620;2017;11;25
d68be70f53e34a71ab56973dbbd12eb4d580eb9dba3fad365ad7a9ffe359f0c5;2018;02;22
93c4d07f3dcdb75ba8885885311c43408d24fb69c3dc53f4102a3f1461011fc4;2017;09;02
bb6d56b67f0c24c9801aa9bc95e02834e4cfc237decfe7ae657321af27f03c34;2017;04;14
7870dfa8293cbb99489846a927e6e518b89963d51bb78b411659f9ac458d8f38;2017;04;19
09311ba65d264e7770482c0af128023837eb572e062682004972c8dfe07a420c;2017;10;13
a14e1c523bfb192e65807dcde48ab4c05706568661809e3933101a9eef61ddf8;2017;10;18
2f1954a4d77d2bfbcdba3ff5d21909133d0098d33341c446fb8dec690d58a18a;2018;07;31
e502a64eab1302d85cb3d50853126615a3271f7e60ef344d6859d4168bb237e2;2018;06;12
3dd7b358665ab79f7ec401e1ea2eaadeee2e59051cdaaa53550f201988702d72;2017;12;16
5fd665dabbaea992b25c925314f273a93f71b7e9b0a260905d2079e92e271327;2018;07;02
09fb229485692ab260b9709f5f0c5b8e99dd12119120f799320a1fe88a6926be;2017;03;24
f86bed3ed62979e3cf4110a914a629b59e5fa81d6d5fd4852d9d52cfab095f2a;2018;08;08
bab641fad401e433866a1f2afbc0e48c07c30678188316ca14456d08c7b95725;2018;01;09
8c08be58faf1295d435be84bd8a9c178fc39851c45234545029605a5d730c228;2019;02;28
52499e6043b0852194d265fab5a49a772e8f346905a11074eee9e36da7a448f9;2018;02;04
34f4aca8fedfc7e317475618f52caf26301f154fa0f1b099da3c95f09721006c;2017;10;12
7178353b1b0663f1f1cb4ac4ed7bff6948f9e550665ca558967ab6cd94be0dcf;2018;09;17
171b55a56319df6b736e6c2849058cef852a3b5c331ce67a109ccfe69646f20e;2017;02;25
ba52feaaddb517489687a67d50c0e3527dd5a2000527afffc0aea6a2a7789871;2018;04;24
116fe5142250051ce0682a18d8a1be582c052a5f8f7964bafd626878a978c3f8;2018;09;16
078e38d5f5d576813d6e9741e3ad8695deb47c197790312f7bf449eb78795642;2018;02;15
ca1fd26b7bf431ba43cdf5a6566c02b1037662488b6cc04e2b18fe3c81fa96d2;2017;05;24
129779e1cb98eff64b3403e4f05d355f62ad67861cc7b1ee7302f8cfbafd59cc;2017;11;22
bf5909200ed0157366bd124d39329a354fb48d9974ae09af153cb24b37606e4a;2017;09;30
b96f9a5c86d6b2f22703e595c605c4340f9c0013ac306357323e39f6a1752899;2018;10;30
595641c7424213d235abd170cbcde8303b9fbc73a8776b6cca64cb6c6ab87969;2018;09;11
e375df0899c7f4004b3dd52855529d9c59d4cc8ec5a73a82de8e1ebcc3ca8774;2018;10;20
99bf62afd371fa977abb4f04c4b38d6a50970718fdbafdff9c1faa050a10cc15;2017;12;31
4ec39b11255399724455d9f3b89f6f40efeff51df6b177bf52ab3707b3cb1cce;2018;01;11
65fa4b63a07d201b3af0cbb7548ae668037f87a780b74b26fe105984937f73f4;2018;11;07
673a021dcff323d0c0f280f738a201a6bbc1bc5df3b5981771afed3bbf2c6585;2017;10;29
3145f8e75f66970bdc5b15f5e2fce375a24baf461b1e32c3ddc010c2366025fc;2017;08;06
04cd623f96ee79f8ddf1ac69e9536cda54ec96f1c3d5b436bc1f025e231ccf54;2017;06;08
2eaee4fc2aee718205845253ce4411a4185aa6d3fab75f2f22260be0159778a1;2017;09;08
2d2da8f3c9150b8f7265f5e7e3877cb2e89eddf8b44255aa9af2566933518a7b;2017;05;27
a89684eedce3dd1b121a507f7f7809cbd0ab861c561e32f994ce969e673a6d9b;2018;03;11
beb76e0564f43b72819ffba8c37dd3a13abd370a173ed628b2e8d50fd00a46da;2017;09;28
2e6e892e843e1e491c421233193d136e0e94e03075e36665bd1444e6256ea890;2017;09;09
aca65dfaa275067e576c00eb042a6c55efee7991da6cf2b94daaf63df458110c;2018;03;10
1387420bb8c8de462c509f203b14fd267a14f8ac6c8efbfd51fa44a378f920c0;2017;11;26
8f94c663296870d806bb1228168e065d982925c9902e0b85e230a157677f8384;2018;05;19
b74ce6c42239a1801b190348f7571f0dc189490e575123922ee1fa3b51f85f61;2018;11;18
9f7b6333e8d964f17829b9aded984dbacdfefb20fee201edc73ae7bb4649571e;2018;02;11
755a33b586924ca364bd25008850a65e8d6da8e50b1d2f0eda68c10c184afb5e;2018;01;03
6b8702bf64fc491192b6a2b110c1efb48b6ac2cf93db0389bf82807771ee7922;2018;01;01
9b457bf8f8a91ecc99deb891634ba262d199b7d51f2b5e92a7249708eba317df;2018;08;05
053fdda8733c56d4c66db82db2424f9b64eac97793e4cdefe181b94544f33217;2018;12;23
b40b8878d5d8f37df3f9eaecade11c7a3f39dac832eb38bfde1af49fc3447472;2017;01;18
80377d67769d205112fa3d60156863a1e878d0315e79e76b26b6a43d36785193;2019;01;09
6c39919c02f9d9b02d9044d3484037162df9232ba375f8a1fa576127c7412af8;2018;01;24
938204229a6f6787bc505a38e22b3175d6f3ff52ee0a36d8f19692bbbd76fbfb;2019;02;25
f3852e197ed14ddedd55df360935085d0c3adf6092a6546cf5fb2a99a7781515;2017;02;09
0d7c22f0ee57eddb2cbb0ba2b13acedb91185c0a89aa7cfd94facc5b0ad5df43;2017;02;08
ac349793905d776d9d0c2f9c4b0dd9b3968c1b88dc96fa14cfe864bf4eb6b8eb;2017;11;10
a7f031565e0cd2d52b052f22d6561691a571e67be5e8d1a3247fbc2de6dd6cd6;2017;06;21
71ae42b783397830b5f2eaacd6775ef1a3f62827689f0901905b528f0cab3af1;2018;01;04
3cd6f15d19c40ed200b494d4e14b5ff7a375b9d831faefafcde43522d447176e;2018;09;30
c7aaf12ce45cc2f8f0ec37241a7bd25240eee0a5c9319162268481b2c4a8ba7a;2017;12;27
2a1b78a407d1a8e46d557419556e38209b6b4b8a188b97c8489b9b9dbef120cc;2017;09;22
cf893e816dd515dbc83c50286c4d461b24f8f87de0d7c4744b2dfff19c1badc8;2017;10;11
bb0151a37b1af81ca79528325121833d58ca9304280075ef701a57fbd26688d1;2017;12;20
6b7aea7863930736b8a10d0dadcb22bc4cd030451b9d20816877eb5368d6b952;2017;10;27
0215d3033504380a5e38914fe24c9c8acef1181e37b0fe8c3a0bcc6142a31a1b;2017;08;20
8d9a124f24df35c6d10844b329f44ea03e7af03d234d3b23eb3c4494c81ab455;2018;11;24
538258caac2732ef77256dbac3472ccb4d76d64c8207b9fcca861bfab192c4c0;2019;01;28
fb91605bd64ef63e73c0f9f59143e4ff49067bf92ba170a5ff6a39251ddf48c6;2019;01;14
636149c64b140f1451f7bb40f73f117a9bb431236af8dc8206310c017052f608;2018;09;23
16e9a777940ab0224e2bc2d72a03293fa16eb8b919b2f9e605abc56faf0345a0;2018;09;04
833ebc7a193cfa5aecc3322e6bd36203e91af2f613cf56ea5696b896311032db;2018;09;25
e854cdb3d02298162d8a7fbffa855a61c8b1036b0411b1b887705db8f71e384e;2019;03;17
748b43ee7ab1f6a657a799033f29f352bb666cb2ce0f3921292c30d292481b03;2018;10;03
8e7d6cba87142029e6963b19fc7127c1e0faa23ff5a676b54722aaea7fc6c8e1;2018;05;05
a3584fa0fb31f10c9a3a12588f0fa8e5e9e9efc8000450ca46c2695ae484bf0a;2017;06;30
e15b3f532744e24465cee411fb81168fe8666c810bb723f26f47a829236e709a;2018;02;26
c2362e4d5ebdc119f250eefb60e358509acc6b1e1a1e3ec6516d34ba94376e33;2017;08;12
19157ca46da36e658c194ef3c755b19ec8f668094a978d65d1040a149ad06177;2017;05;10
e762012669f7a5a6df77b64e32a281cccb0a384949797f7d8405c72da638b08a;2017;12;29
22620e90fcce15f3fa71d89c56a597f0db09c38514c4a650ad8c125d95aeaa80;2018;07;11
defefcc90d9e79bb28692587f53dd1f260f2e96a3fb0df716f4eeabd3cc240fe;2017;01;12
636b3df77bc25627ca4d73164ec93336493898720d23a4df3cd86c4bc0ad1f2b;2018;05;23
51e08528c5e292b0054a3624c819b00f46fa1dee2f753b1a604241be4c794749;2018;07;24
fc4b079ce066ddd9b54bf89c774c27094df969ef3205ded2ad4defa8d595cda3;2018;03;06
e7eda5a1294126f192740d05ca63a1b8e1dbfb580b19529bb6fff339e9b4414d;2017;08;23
97718171c19d9db8ef6d0e4a6f12b7acd538966efd4414157a42f33e330c06fe;2018;06;06
b8b85a467e7c5d7ae96a36f968a1009a05cde7b35f6a8305c06e24752a3f06ae;2017;04;27
416ab5106ad2440ac93f108a5542159fa6038b880e5febcda3de7d1431a77721;2018;10;15
bd518b1ecf2bf77bba0bd9923b24d16f805f83c152dc486c66f9f8396eec5f23;2017;07;29
d166ec710b471ce0d47908859f1efe7592ac0e819f337be1daec161b000621ce;2017;06;19
e8034922483d8cefef8bda50224a0c08b1f859dedd7f965229c7c0b675f84b3e;2017;04;20
cf2c0a213159c9aae8e470a3c947619ece4168a3761b4e7c4ef5886639809cb1;2018;11;25
9442c7d208784467eda03656a7fb9e65800441076fad2bea873f3af0f0113f7f;2017;06;04
818768b3b281d31d5b40e39360ec01e4156a6b45f6ef969615a36d6265ca3a44;2018;01;05
46a9749d1c3487c525a0d0ff3e380e7df556df1118efb2e7f9981130807006ee;2018;07;28
e4f62d6ee5173705ab235bebc23a8cf21422e37f1b31a5b0863171156d811a8f;2017;05;18
7853ffb7f0b032388a20d88f8b474e4e61206f8c24b05d929c4eb25126271bc7;2018;06;09
050b682a9b3050a77ce5cf74cc83249c988faca788bf9e7996ce66bbd5beabdd;2018;02;20
7f4abc7e7ca20e4a43c995526cc47b581ef3d2ac1c9e59d3ab6dce36a59d52cc;2019;03;18
95ba5ef41a761b388ddb050bbda7d7bc196b504a543f3671a6801e56120aad22;2018;07;18
2d379de3b884a20bfd889b8526343a6e2c4e3e0eca169eac0c5ede1b396e272b;2017;02;22
06d20858dc58a92c37dca0ef740d7979cfd4509836560b2be61f300e424a0a76;2018;03;14
c182e64cc1a37e36fc7971ef6f418564a45dd59a21cf674f00cdfbf933ae2f16;2017;03;11
34400660992126ff6acc473aef384a36448007d5d1fcb5197725c7f63647fe58;2018;09;12
7e7d2546471e8e299ed89d32979d5e5b75518e4cd54ce0a5145c6dbf04c25f56;2017;10;22
53a086c77fce018f91a8911313f3b0f78ca50882fe9d904e92b32e33feacc179;2019;03;11
00b40c332b0bcb0f2cda45bc26c872fab03ca9876d9d35310ea42ccefaffb051;2017;10;05
eda908cdc1f47f881e98442bcceca506322d9ab73b3c47b86c21ffae82c48500;2018;08;20
73acce78f81938b3078a8c1dbf25665d1d73e88769920cf2dc5cb565fbdf57ac;2018;10;16
e887cc8893c4d153c7bd5011dabfaa2d7d11c86cd57f463af7bb359f5eb4f0a5;2018;04;21
3d22e64378881fb005a9dc5102e1940441b4857bd7a3d6476ed39d5301e0c279;2017;05;19
b2df3b86aa40844480b6be27bd67d757fdad1441b87ff5a7f490b537ef8f39b1;CONT;E;NA
518dc73d0fb8f353cd51be744efb8206c977a1425ec56e11eee5d8c8dea9a240;2017;03;30
37406496663c887b3bd2a02b834dc5054d74a47d70ec26d4f34f1349315d2a0e;2018;01;17
5d381fe2b3c374e4e4c4d2073e8dc84b87199d1ca6a6db4c69deeb58d99fe150;2019;02;12
6a5c4cb5ba76b5bf736ea26d33944a19e2c96b8e772a4f26ccaaa5fc16327451;2019;01;31
36ada3494caf56510ab8ae59df9c1c762e77515c81da3344132a6544460ea943;2018;04;17
a5643e649758b9a4ac12784e2925fd6e059c5078148ee54f7feab126f3b355e6;2018;05;16
07862e3296f1e75e0b94eed21341bfb5631b0e51a039870fe253ea570b468f2e;2018;11;19
891e5d368c1080c71d089247a66791d4eb96358364cc9d688943f3ce2c1cda2a;2019;03;10
f45bfe3cf9092e83562f67daeddc0fd2ed29c000d8aa38509363be15bb76a796;2017;01;27
b19f620307dd4fabecd153fb491c0d0e3802167b4aee7d6f50a68e7ec00374aa;2017;12;28
c3329ad693a696ae0f275e1f5d860951bd976be80e8a92e9948bd0558d3a3c74;2017;03;23
b9b44c273069177b9542b57850622fc2fe0cbaf3a829a54cec3cec30fd436202;2017;04;21
ba71af835dc3d53a8e06106769d191226fc362a9597a61701c858a2b22ec9e1c;2017;01;25
9539af5298f85789453116d76291405c04ffead1a6b865f61463164833514870;2018;11;06
08233536f7263a69c6476c602058711a44e27b56fd07b58950489ba6dbc1b893;2018;11;14
43f46e907780a20280e06291167658b8b489f7d981a5173e3e2d002896df054e;2017;05;05
2357d6ff6f42335d17c5a4a46e11454bb3be01778cee937afb82f77812b94878;2018;05;22
cb5266c6eb9c7af3b86e93c84bbcdad0f7ae3b3e5565a85fbe8a5a6b0946a07f;2018;02;25
d80da3937bf1304ac43a93467a857b6984a964054699d60f932ab75275991d1f;2017;01;22
83ae8276d1a7582d265cd39deaf59966076c70d18b8bc9c9e2dd2ebdec1f456c;2017;09;21
e25486189041a698bac81059a7a622b05fe98b48b7f67ec0648d2bfd9b132ab2;2018;09;02
9454434815667ae0c4b68cde775326b95beea49a10b12fe86cb23a682a34eddd;2017;02;11
a02747d67045072b1ae3d98a89011e7ab4a2266eb3f0c64fd260262ae5961e74;2017;12;03
a6e515c7b7a7f77ee68107f7bfbfd3b2b7edd62a95d3b8c23b08837bf6d580fb;2019;02;18
58b959debb8362ad56642447f0d53665f9e65c2e31b8990e523c5c9c5cb16753;2018;08;15
4892dabb2757b40e954c8938b797dd89f310895409cbb58d9b76356dc7114c28;2017;05;11
5675317c496baebd2e7540cbc5993c9bdfdec50e8808d1492c05d78dde9f5e6c;2018;04;18
5c8bc5ce08915611f3b44483abe1848aa953fabefd28198188165edca0bae931;2018;10;21
25812c841ac2135d370caf861f9c323bd7ad013c738e4e1cdd7d4b061c7e84dd;2018;05;29
c6cdba2ede0d154013aa72d9111fbee15b275810132ea49b76fd576d583febfe;2018;05;01
acc64a8a292c9814ed8a52b6bd37ccb9b8cd83273f5cb29efb08e8a00f7e9f73;2018;06;18
daac81f3695832ea7e9f2fef2873ceb9b312108b5b8984243370eff6d4022dce;2017;12;06
c0d856e0f88fb8614caff6a26d536b0bbe06e96338943dc359c9d4e2ede80bd3;2017;07;20
b174ae4389fae491779a889904bb654a6671d2ff2b611a7bd399fa774ef76f22;2018;01;29
bacc4ff1c3775ab7fd24b6df0e93f5c15a18504eaec69a617b0a0ea49e71f4fa;2017;04;07
590ca448e31fa4bb80b5777151db22f22c49e21cf7bc0d0cf5c8fdeea7b10ae2;2018;04;23
fc20ff9d68320fb5f82da5fcd70fc69fb62a2d16d6a6667bae5ba79de898e81b;2018;04;30
3eb234d9948ac8d4e2204aff5306c030379d406131c55611f519808a3c0bbfdb;2018;09;08
7ff880d41133a6779aa0af029f010ea528b04f5743b1cd31bb93fc7020a62c9f;2018;05;20
140d7c2c442bd7bd09213e300e47a0fb9ae1bf3ef591c6c34a7d73f5ecc0d333;2017;12;02
5f62435c81778d012f0297716aea330baeba2368478390059d8acc578e90c99c;2019;03;07
f8c456223e8fd14a7a07646a1eeab2397d8ec5e851b2835970a889283e69b36a;2019;02;20
5f67f7ee7027d6486568e38052d6950d08389fe1e3346afc4ea3471e299f35f9;2018;08;14
ba9c4f8ad96d7ae6f918cbf8662278ede07a2741337023923def36250ab2e39f;2018;02;19
6e684b0511395c88f2b5c349d9e70420796ad29d6e2e40fd8fdafa3a01f8a662;2017;12;01
3a52883e51dd2cc4e3c5b463b7f39dc691c24c9019bcb615c659526114d63d72;2017;02;18
46ae2f343fd415313c02808e94409214818634fb941c47fc96bf9e20d33e2f46;2018;03;07
3dfc57be34e2aef56f1c606e4b83320e497f0badb69e4d1a26f59d169b43cce6;2017;04;30
6332323dcb4af8f128aacf66e92b6e086a6d42ede74d069d9f4c35d22ed1aad9;2017;11;24
ea6dfa54761a232d13bc9ca22e88a151865a5d110691546931d6f41acfc58c19;2018;02;12
e9611cbbd63332ad85c5228c682fa17bc0f74d46ae3aae796d4cb0889d95b673;2017;07;06
8941d1a5699c19eba45da823c40a3ea6525ed373911bfa0a3e2fd0ee99124f15;2017;10;21
8405f427c86846234061a875b6d705380cc16e030cd6dc81273d2717c794c5c8;2018;12;18
40c7290811eb25d13633e4ca6e8dd8d0604555bb0465a33c3af1643851b181da;2017;04;09
3b908d1ab86d0f2b2c67b82f0dcf63d9b01a4c2c331380b69965dbde145f555e;2018;10;08
3126607f624538dd05c62182a9925ef1084463db44747c57d420a2fb8d915a72;2017;04;08
7488679aa7ad33d3a026c5042bce6b8d17b3e2e378aba21d76028d076213429b;2018;01;15
61f189c964499b675690bae3d3be665ee45fd44e81ce68a61458206bdc390363;2017;07;22
38462b60df9542513fda54260724fa5aac6d8b17f4e4fa25a830dba82c3f8078;2018;04;11
a42f2c38a78ee3bd3b1bef196e62b924f8f2422de661d6f61c210b7637b9c469;2018;01;02
777171e3f38032a05f1e8f8f2445d98bc757fa5eaa1efce6116f7c2e21e6662c;2017;12;08
80d0648b05082d2ae4a82a6cb58b96092e07fea7242f90a81e2cec06da0f9bae;2018;02;28
6bd2b69742f63f2059cb1933e8b97c892ff3ffa34e17c91ffa3f4ca220242916;2018;01;22
d7e1fd8138e979d6b95fdba069198279d8469aac3f127b9262e96d6d0320eeb8;2017;09;17
b03696f687df89dc887f88399ecd1d1f43b1600f183c916fa9f459e0fa55578c;2017;06;23
2e7b53ae5757295cdda99f00841c3f4883c8b3f4ed31ff948ec4355b2597b4b1;2018;12;31
bf8811e159de126d083ca6cd92f0fe19ecd0200cc8eda153a5553094f25335f1;2018;09;24
a091d90283eb5f8a974c990ae0d06eba3b74d0dab8f71aff05940a34e65bce2c;2017;05;03
02a2f508f4600c15599e81419bb75b08e47e9cf37af76caf15de2ffa2ca1f0dc;2017;03;16
1a0fbe5f333dc993342a418dddcaeb1ef9e6ff00cc3213d765d11c0795ebfdc2;2019;03;14
77c9739b46a5236d7624021096ec8e6c22fab261474ed3263d6ace81e02f801b;2019;03;12
68910e0ee70f4f8e04dd0af3bc40b26dd544bfc4514858c00656df919dd0d615;2018;06;04
f2f01ac0d8f08f937409371a20e3115884c8be5debea56be54db662e75b4fc7b;2018;11;27
ba0804deacdff4fc1407525d1e19085bea1ba74e268131b1fa5b16fa50d423de;2018;10;31
2ebd718a9a3e97843b1704b6129a736fa4a270d0a2b864c8adbc0db03db585a2;2018;09;15
e77d00e6045364e395dc432d29ae5290faaf0e14b2aafa2a1765887e6ecd98c8;2017;07;13
f6284e1621fd0bd739f60a6af81208cb3d54908cd7ada0cf3e588ae47c80f4e8;2018;06;24
522853b48d3cb3a77e7c96c5b04c130b380f357fd7da74c85723e7eb1acb11d5;2018;09;22
b7ccc02f9df135d8583649cb384519eec7a936bcc7c139722281f9ef7c53270b;2019;01;17
e4ed91809901856e68743738fa021b0a39a6a4f2226aa1aea1d63b1ee4df4d0b;2017;03;01
850f1d26cb5f9a48af49991ccec74bcc7b2d4ee4f53ab7006e61a64b02a343df;2018;12;25
95bd316a8516d956582a0cd62b03a7aca86859f2b7358a29e03d01941b73f4b8;2017;05;06
bff673b24cfd33ae8ab7c0a1045b82dfc8b8f8ee1747db789a916485ad59bdf0;2019;03;19
d61ccc2e15b5c143945aed54cba8e7d62c6001914f3c9bd6596eb85a9077587e;2018;12;22
a64cb591fac29790ca8d4576c3cbd694c0e262cf93f5f06c08e8483dfde57cc2;2017;03;26
558b83bd457bfcc60b38952163f1992966ef731bf0c0080c9b960c4b98e9b7f1;2018;03;24
ed26c88862eddf40e2c303751811780576a439d45d03033a4d97b3fc1815d6e7;2017;01;13
2d8ac689bfa1af6d6b6577689e222cfec5a321210c43a22387be99bb05e394e5;2019;01;06
f3fdbba5358933a829914f139c7bfcf62f28e1d174cd13f00e2fb35de7dc7ee2;2017;09;20
399aa0aaf61bb89d49382ebe68ae3e2779c41cba894860646d58cf538c9ca7b1;2018;01;10
6b8161512d542db2064a9d75ceafeff5d17c94554f88d41e40edc065529a6f8a;2018;04;16
e3c08ba028483622ad5917417503d29aa1d17a775f5deccc7487c476856e85c1;2017;08;30
fb996ab9d711ea26fa4801969577d66e043739548c697bcb864d30b380c8f73c;2019;03;20
f18e21066032865c57cff704a24b48e0784a14e03a7cf2269005db911452e26e;2018;11;10
83381050ab21963c7b918f4c6b12b694dd699390d57b19097d8356791870bb6b;2017;11;18
f4d7265e1c4d738dba6d5565442b1de5b8c5d90e34edb204507358a7f23e2ed4;2018;05;02
4beca5e7ff6523a955c33adc009fa34727f6db50b6b54555228126cc82d1e84f;2018;03;18
68ab6913579200ee3f4602a59b99e7daf1f75f4c7c35624f4487d6d78bbd3bfd;2018;06;16
e1454803cc739a1c913ccdc31aebf457d50b168df17bbdea5dca12c10dbf56cf;2019;01;03
f1b12dd0adece427f647013ce549c8e7dd4403f3060668ea8262d18bb19a1614;2019;01;27
7db40c08baf086336aa35f51a576cfcc3b358c920bafeedf875148f70a17ea92;2018;03;26
f10a5b392b8103283c6392a32e95455fe27da8385a3fd4ac3c9edd84b75eaa00;2018;06;27
372b4f2f5b3073c5fce2a5f1292cd20ad50765400a7553901933c3bb3ed03aa5;2017;08;17
78468581a017cd2385008d86118566b261e462ec9355742981f333ec9bb8d67b;2017;11;01
f01e7e1ced1e7d997b07db7be053f4a0cb612e1fdb0c8464dd0bc9e5681862dc;2017;03;02
2f1b0ec7eeaf7578a753fbe20730a981d1436fcf87f7a5c46309fd76293dad2d;2018;07;16
dc7d1aec29ed3391e8580f5ed1bbec7147de018fa75bf47cf30c29c68e22d1a4;2018;12;16
d9baeffe683aa6543d25d6bd3254dd0319f29876d5cb0e90a7232311b3eee923;2018;01;08
c1054c566e226dcef61eeac745cdd61bb16807ef17beab9fa235d90aa8f338f6;2018;09;29
4ed83519623f548b167169fc2ffe3d471c0ce7a40988ef311d315950ffedcc5f;2018;10;06
5c749a8ad297bdbd52a1a4ae9334d94866c5c384bba041eccd554e6b3f6af356;2017;08;26
0487985a682197ff5cca5a1ea1e13eb39398e0b5e00819f2f128fcd0dfabba7b;2017;12;10
5e9f678c05a49d26fc2cb5ab26f9e18c4a64f733a48f886fd2a112779a08ff46;2019;02;13
ab7a895f331327617428039f047980fdaa8925cc06669c01a83f0ae998f85dd5;2018;03;21
35843218c86c58fea38af913787265ceb28f781f65d2e6982123759268d44ae1;2017;10;28
aada99c8768c02abcf1d40ae134ca2384d293fb2b2d3e1a9a83978fc7cb53f50;2017;09;03
4f083ade76a5bfe8cc27b2378d10db57ad9d9f69ee29f32687afbb8b88c0af52;2018;08;21
418d8cd81957e91c0e299b6d6fe2a95d8fd036c4d46531842e54dc4aa68901f8;2018;02;05
b0a8139a90333268d86651dd057261d27e3c053de86c341bd49ba909dee09e50;2018;05;13
ca4162180de8679ea3b815df971a5f1cd48ad9808b6fd30e700670a07036ecc5;2018;03;12
a809111888f307e04b5f1ad0c1f8bbe6e15952029fd482f4c5e0b5ebe651c28c;2018;03;27
f45f1addb568092b351b23927e8694fb993982e1c234fe44f79dfdd1b23a3c5a;2018;04;07
19c849d34b616c634fa5587ea7a2dfad70b0c72a991788a14282854f68c54746;2018;03;20
